id,name,role,site_type,project_status,lon,lat,location_basis,source_url,project_source_url
aalborg_portland,Aalborg Portland cement works,source,cement emitter,"ACCSION capture project announced; planned scale-up, not treated as operational",9.979122,57.060167,Representative point of named OSM industrial-area polygon,https://www.openstreetmap.org/way/21107368,https://aalborgportland.dk/accsion/
oersted_asnaes,Ørsted Asnæs power station,source,biomass power emitter,"Ørsted CCUS contract award; DEA stated 430 kt CO2/year combined from 2026",11.079183,55.662051,Representative point of named OSM industrial-area polygon,https://www.openstreetmap.org/way/326024684,https://ens.dk/en/press/first-tender-ccus-subsidy-scheme-has-been-finalized-danish-energy-agency-awards-contract
oersted_avedore,Ørsted Avedøre power station,source,biomass power emitter,"Ørsted CCUS contract award; DEA stated 430 kt CO2/year combined from 2026",12.487710,55.602575,Representative point of named OSM industrial-area polygon,https://www.openstreetmap.org/way/25134192,https://ens.dk/en/press/first-tender-ccus-subsidy-scheme-has-been-finalized-danish-energy-agency-awards-contract
arc_amager_bakke,ARC Amager Bakke waste-to-energy plant,source,waste-to-energy emitter,"Emitter included; no specific capture status is asserted in this demo",12.620634,55.684742,Representative point of named OSM industrial-area polygon,https://www.openstreetmap.org/way/429610236,https://a-r-c.dk/
vestforbraending,Vestforbrænding waste-to-energy plant,source,waste-to-energy emitter,"CCS project remains a candidate; Vestforbrænding and CIP withdrew from the national tender",12.4211848,55.7068966,OSM/Nominatim point on mapped Vestforbrænding industrial building,https://www.openstreetmap.org/way/25945244,https://vestfor.dk/bliv-klogere/nyheder/nyhedsoverblik/vestforbraending-og-cip-traekker-sig-fra-udbud-om-co2-fangst-og-lagring
fjernvarme_fyn,Fjernvarme Fyn Odense plant,source,waste-to-energy emitter,"CCS project development continues; company announced it would not apply to the state CCS fund",10.404385,55.428243,Representative point of named OSM industrial-area polygon,https://www.openstreetmap.org/way/1385960182,https://www.fjernvarmefyn.dk/nyheder/fjernvarme-fyn-ansoeger-ikke-statens-ccs-pulje/
hirtshals_terminal,Greenport Scandinavia Hirtshals terminal,source,CO2 receiving and shipping hub,"CCUS hub development; planned CO2 receiving and export facilities",9.9593022,57.5950578,OSM marina point used as an approximate port-area location,https://www.openstreetmap.org/node/2244918038,https://greenportscandinavia.com/
aalborg_east_terminal,Port of Aalborg East Port CO2 terminal,source,CO2 receiving hub,"CO2 reception facilities announced for East Port; planned infrastructure",10.060834,57.045,Representative point of named OSM Aalborg East Port industrial-area polygon,https://www.openstreetmap.org/way/1036639242,https://portofaalborg.dk/en/new-co2-reception-facilities-will-make-aalborg-one-of-europes-leaders-in-carbon-management/
greensand_nini_west,Greensand Nini West offshore storage,storage,depleted offshore oil and gas field,"Greensand Future storage project approved; coordinate is an approximate field-centre proxy",5.412430,56.674771,Approximate Nini B platform coordinate used as a Nini West proxy; not a surveyed injection point,https://en.wikipedia.org/wiki/Siri,_Nini_and_Cecilie_oil_fields,https://stateofgreen.com/en/news/denmark-approves-first-co2-storage-facility/
greenstore_gassum,Greenstore Gassum storage exploration area,storage,onshore saline aquifer exploration,"Exploration licence area only; commercial storage is not approved",9.9975763,56.5752145,OSM village-centre proxy for the broad Gassum exploration area,https://nominatim.openstreetmap.org/search?q=Gassum%2C%20Denmark&format=jsonv2&limit=1,https://ens.dk/en/press/first-licenses-danish-history-explore-onshore-co2-storage-potentials-awarded
havnsø_exploration,Havnsø storage exploration area,storage,onshore saline aquifer exploration,"Exploration licence area only; commercial storage is not approved",11.3232496,55.7518479,OSM village-centre proxy for the broad Havnsø exploration area,https://nominatim.openstreetmap.org/search?q=Havns%C3%B8%2C%20Denmark&format=jsonv2&limit=1,https://ens.dk/en/press/first-licenses-danish-history-explore-onshore-co2-storage-potentials-awarded
roedby_exploration,Rødby storage exploration area,storage,onshore saline aquifer exploration,"Exploration licence area only; commercial storage is not approved",11.3902205,54.6940639,OSM village-centre proxy for the broad Rødby exploration area,https://nominatim.openstreetmap.org/search?q=R%C3%B8dby%2C%20Denmark&format=jsonv2&limit=1,https://ens.dk/en/press/first-licenses-danish-history-explore-onshore-co2-storage-potentials-awarded
